
{
    "projects": [
        {
            "title": "Moonlog",
            "subtitle": "Full Stack Discipline App",
            "open": "moonlog",
            "image": "/assets/images/home/moon1.webp",
            "text": "Full-Stack Discipline App visualizing Data on Modern Dashboards",
            "link": "case-moonlog",
            "id": "moonlog"
        },
        {
            "title": "Tor Scraper",
            "subtitle": "Automated Tor Webcrawler",
            "open": "hotbooks",
            "image": "/assets/images/home/hog1.webp",
            "text": "Automated Bot which scrapes Data using the Tor Network",
            "link": "case-tor-scraper",
            "id": "hotbooks-spider"
        },
        {
            "title": "React Stats",
            "subtitle": "Statistics for your React-App",
            "open": "react-stats",
            "image": "/assets/images/home/blue1.webp",
            "text": "Statistics Package for React. Making it easier to get Insights and order assets.",
            "link": "case-react-stats",
            "id": "react-stats"
        }
    ],

    "media": [
        {
            "title": "Blog",
            "subtitle": "Channeling my Thoughts",
            "open": "",
            "image": "/assets/images/home/blog1.webp",
            "text": "My Writings about Ideas, Life and Technical Projects",
            "link": "https://jacekpaczos.medium.com/",
            "id": "blog"
        },
        {
            "title": "Youtube",
            "subtitle": "Documenting Ideas and Progress",
            "open": "",
            "image": "/assets/images/home/yt1.webp",
            "text": "[ coming soon ]",
            "link": "",
            "id": "youtube"
        }
    ]
}

