
{
    "projects": [
        {
            "title": "Moonlog",
            "subtitle": "Full Stack Discipline App",
            "open": "moonlog",
            "image": "/assets/images/home/moon1.webp",
            "text": "Designing and developing smashing Webflow websites for startups",
            "link": "case-moonlog",
            "id": "moonlog"
        },
        {
            "title": "Hotbooks Spider",
            "subtitle": "Automated Webcrawler for Amazon",
            "open": "hotbooks",
            "image": "/assets/images/home/spider1.webp",
            "text": "Designing and developing smashing Webflow websites for startups",
            "link": "case-hotbooks-spider",
            "id": "hotbooks-spider"
        },
        {
            "title": "React Stats",
            "subtitle": "Statistics about your project",
            "open": "react-stats",
            "image": "/assets/images/home/blue1.webp",
            "text": "Designing and developing smashing Webflow websites for startups",
            "link": "case-react-stats",
            "id": "react-stats"
        }
    ],

    "media": [
        {
            "title": "Blog",
            "subtitle": "Full Stack Discipline App",
            "open": "",
            "image": "/assets/images/home/blog1.webp",
            "text": "Designing and developing smashing Webflow websites for startups",
            "link": "",
            "id": "blog"
        },
        {
            "title": "Youtube",
            "subtitle": "Full Stack Discipline App",
            "open": "",
            "image": "/assets/images/home/yt1.webp",
            "text": "Designing and developing smashing Webflow websites for startups",
            "link": "",
            "id": "youtube"
        }
    ]
}

