
{
    "projects": [
        {
            "title": "Auto Connect",
            "text": "comming soon",
            "video": "/assets/videos/redchange.mp4",
            "link": "casenotsure",
            "tabs": ["UX Design", "Frontend", "Backend"],
            "open": "<open",
            "id": "notsure"
        },
        {
            "title": "Moonlog",
            "text": "full stack app tracking your discipline",
            "color": "#121212",
            "mockup": "/assets/images/home/moonlog-cube.webp",
            "link": "casemoonlog",
            "tabs": ["UX Design", "Frontend"],
            "open": "open>"
        },
        {
            "title": "React-Stats",
            "text": "an elegant and intuitive sign-up flow.",
            "color": "#3554D1",
            "mockup": "",
            "link": "casereactstats",
            "tabs": ["UX Design", "UI Design"],
            "open": "<open"
        },
        {
            "type": "section",
            "title": "trainings"
        },
        {
            "title": "UX-100",
            "text": "notes on user behavior patterns",
            "color": "",
            "video": "/assets/videos/waveee.mp4",
            "link": "caseux100",
            "tabs": ["UX Design", "UI Design"],
            "open": "open>"
       },
       {
            "title": "Blockify",
            "text": "an elegant and intuitive sign-up flow.",
            "color": "#3554D1",
            "mockup": "/assets/images/home/blockify-mockup.webp",
            "link": "caseblockify",
            "tabs": ["UX Design", "UI Design"],
            "open": "<open"
        }
    ]
}

