
{
    "projects": [
        {
            "title": "Hotbooks Spider",
            "subtitle": "Automated Webcrawler for Amazon",
            "open": "hotbooks",
            "image": "/assets/images/home/spider1.webp",
            "link": "case-hotbooks-spider",
            "id": "notsure"
        },
        {
            "title": "Moonlog",
            "subtitle": "Full Stack Discipline App",
            "open": "moonlog",
            "image": "/assets/images/home/moon1.webp",
            "link": "case-moonlog",
            "id": "moonlog"
        },
        {
            "title": "React Stats",
            "subtitle": "Statistics about your project",
            "open": "react-stats",
            "image": "/assets/images/home/blue1.webp",
            "link": "case-react-stats",
            "id": "react-stats"
        }
    ]
}

