{
    "logos": [
        {
            "id": "html",
            "url": "./assets/about_logos/html.svg"
        },
        {
            "id": "tailwind",
            "url": "./assets/about_logos/tailwind.svg"
        },
        {
            "id": "css",
            "url": "./assets/about_logos/css.svg"
        },
        {
            "id": "javascript",
            "url": "./assets/about_logos/javascript.svg"
        },
        {
            "id": "github",
            "url": "./assets/about_logos/github.svg"
        },
        {
            "id": "mongodb",
            "url": "./assets/about_logos/mongodb.svg"
        },
        {
            "id": "php",
            "url": "./assets/about_logos/php.svg"
        },
        {
            "id": "git",
            "url": "./assets/about_logos/git.svg"
        },
        {
            "id": "python",
            "url": "./assets/about_logos/python.svg"
        },
        {
            "id": "typescript",
            "url": "./assets/about_logos/typescript.svg"
        },
        {
            "id": "sass",
            "url": "./assets/about_logos/sass.svg"
        },
        {
            "id": "react",
            "url": "./assets/about_logos/react.svg"
        }
    ],
    "courses": [
        {
            "title": "React Basics",
            "teacher": "Meta",
            "date": "17 March 2023",
            "grade": "100%",
            "courseurl": "https://www.coursera.org/learn/react-basics",
            "certificate": "https://www.coursera.org/account/accomplishments/verify/4JAE9TL9DF67"
        },
        {
            "title": "Learn SQL",
            "teacher": "Codecademy",
            "date": "15 January 2023",
            "grade": "100%",
            "courseurl": "https://www.codecademy.com/learn/learn-sql",
            "certificate": "https://www.codecademy.com/profiles/jp_Xd/certificates/042a4e5884e3eb6ea1f2a12be6abb851"
        },
        {
            "title": "Programming with JavaScript",
            "teacher": "Meta",
            "date": "8 December 2022",
            "grade": "98.54%",
            "courseurl": "https://www.coursera.org/learn/programming-with-javascript",
            "certificate": "https://www.coursera.org/account/accomplishments/verify/GHAR8ABTNKDB"
        },
        {
            "title": "Version Control",
            "teacher": "Meta",
            "date": "3 December 2022",
            "grade": "97.50%",
            "courseurl": "https://www.coursera.org/learn/introduction-to-version-control",
            "certificate": "https://www.coursera.org/account/accomplishments/verify/VXJZ79ENH7HC"
        },
        {
            "title": "HTML and CSS in depth",
            "teacher": "Meta",
            "date": "5 November 2022",
            "grade": "90.92%",
            "courseurl": "https://www.coursera.org/learn/html-and-css-in-depth",
            "certificate": "https://www.coursera.org/account/accomplishments/verify/9JLULYFTQRE2"
        },
        {
            "title": "Introduction to Front-End Development",
            "teacher": "Meta",
            "date": "18 October 2022",
            "grade": "100%",
            "courseurl": "https://www.coursera.org/learn/introduction-to-front-end-development",
            "certificate": "https://www.coursera.org/account/accomplishments/verify/BB3XMFA5LLNN"
        },
        {
            "title": "Create High-Fidelity Designs and Prototypes in Figma",
            "teacher": "Google",
            "date": "2 October 2022",
            "grade": "94.85%",
            "courseurl": "https://www.coursera.org/learn/high-fidelity-designs-prototype",
            "certificate": "https://www.coursera.org/account/accomplishments/verify/CH5JVW3DJ4XF"
        },
        {
            "title": "Conduct UX Research and Test Early Concepts",
            "teacher": "Google",
            "date": "17 September 2022",
            "grade": "95.45%",
            "courseurl": "https://www.coursera.org/learn/conduct-ux-research",
            "certificate": "https://www.coursera.org/account/accomplishments/verify/LK4LUH3YQ2BT"
        },
        {
            "title": "Build Wireframes and Low-Fidelity Prototypes",
            "teacher": "Google",
            "date": "23 August 2022",
            "grade": "100%",
            "courseurl": "https://www.coursera.org/learn/wireframes-low-fidelity-prototypes",
            "certificate": "https://www.coursera.org/account/accomplishments/verify/T3FXG4WVR9MQ"
        },
        {
            "title": "Start the UX Design Process: Empathize, Define, and Ideate",
            "teacher": "Google",
            "date": "5 August 2022",
            "grade": "93.64%",
            "courseurl": "https://www.coursera.org/learn/start-ux-design-process",
            "certificate": "https://www.coursera.org/account/accomplishments/verify/VFLTMTBH4WK3"
        },
        {
            "title": "Foundations of User Experience (UX) Design",
            "teacher": "Google",
            "date": "26 July 2022",
            "grade": "99.33%",
            "courseurl": "https://www.coursera.org/learn/foundations-user-experience-design",
            "certificate": "https://www.coursera.org/account/accomplishments/verify/2S8T594N7J3M"
        },
        {
            "title": "The Language of Design: Form and Meaning",
            "teacher": "Coursera",
            "date": "3 June 2022",
            "grade": "97.78%",
            "courseurl": "https://www.coursera.org/learn/design-language",
            "certificate": "https://www.coursera.org/account/accomplishments/verify/WHMQ8PRFS3VH"
        },
        {
            "title": "Design and Develop a Website using Figma and CSS",
            "teacher": "Coursera",
            "date": "20 May 2022",
            "grade": "100%",
            "courseurl": "https://www.coursera.org/learn/figma-css-website-design",
            "certificate": "https://www.coursera.org/account/accomplishments/verify/7J6CFS3M4X4W"
        },
        {
            "title": "Introduction to User Interface (UI) Design",
            "teacher": "Google",
            "date": "6 May 2022",
            "grade": "95.00%",
            "courseurl": "https://www.coursera.org/learn/introduction-user-interface-design",
            "certificate": "https://www.coursera.org/account/accomplishments/verify/38ZYSYTJ7DND"
        },
        {
            "title": "Introduction to Web Accessibility",
            "teacher": "W3C",
            "date": "26 April 2022",
            "grade": "96.42%",
            "courseurl": "https://www.edx.org/course/introduction-to-web-accessibility",
            "certificate": "https://www.edx.org/account/certificates/5dc5ebe1-6d64-40f7-9e5c-8ab6b75c6e7a"
        }
    ]
}


